<?xml version="1.0" encoding="utf-8"?>
<modification>
	<name>SEO Url Links</name>
	<code>SEO_Url</code>
	<version>1.0</version>
	<author>Azat Zinnurov</author>
	<link>http://uwebacademy.ru/</link>
 	<file path="catalog/controller/startup/seo_url.php">
		<operation>
			<search index="0">
				<![CDATA[
					$parts = explode('/', $this->request->get['_route_']);
				]]>
			</search>
			<add position="replace">
				<![CDATA[
					$query = $this->db->query("SELECT `seo_url_id` FROM " . DB_PREFIX . "seo_url WHERE keyword = '" . $this->db->escape($this->request->get['_route_']) . "' AND store_id = '" . (int)$this->config->get('config_store_id') . "'");
			
					if ($query->num_rows) {
						$parts = array($this->request->get['_route_']);
					} else {
						$parts = explode('/', $this->request->get['_route_']);
					}
				]]>
			</add>
		</operation>
		<operation>
			<search index="0">
				<![CDATA[
					} elseif ($key == 'path') {
				]]>
			</search>
			<add position="before">
				<![CDATA[
					} elseif ($key == 'route') {
						$query = $this->db->query("SELECT * FROM " . DB_PREFIX . "seo_url WHERE `query` = '" . $this->db->escape($value) . "' AND store_id = '" . (int)$this->config->get('config_store_id') . "' AND language_id = '" . (int)$this->config->get('config_language_id') . "'");
						
						if ($query->num_rows && $query->row['keyword']) {
							$url .= '/' . $query->row['keyword'];
							unset($data[$key]);
						} else if ($data['route'] == "common/home") { 
							$url .= '/'; 
						}
				]]>
			</add>
		</operation>
	</file>
</modification>